52.59553	1.33338	St Wandregesilius' Church	https://www.heritage.norfolk.gov.uk/record-details?MNF1859-St-Wandregesilius%27-Church-Bixley	St Wandregesilius' Church in Bixley, the only UK church dedicated to the 7th-century saint, stands on a Saxon site and was once a medieval pilgrimage site. A devastating fire in 2004 left the tower intact but lead to the planned demolition of the rest.
54.88049	-4.21063	Anwoth Old Kirk	https://canmore.org.uk/site/63661/anwoth-old-kirk-churchyard-and-gordon-tomb
53.74883	-2.02181	St Thomas à Becket's Church	https://historicengland.org.uk/listing/the-list/list-entry/1226170?section=official-list-entry
50.1761	8.6397	Crutzenkirche	http://www.wikidata.org/entity/Q115056
58.38019	26.715	Tartu Cathedral	https://en.wikipedia.org/wiki/Tartu_Cathedral
53.1818	-3.41985	St Hilary's Chapel	https://en.wikipedia.org/wiki/St_Hilary%27s_Chapel
59.11973	-2.97472	St Mary's Chapel	https://en.wikipedia.org/wiki/St._Mary%27s_Chapel,_Wyre
45.66111	9.56805	Basilica di Santa Giulia	https://en.wikipedia.org/wiki/Basilica_di_Santa_Giulia,_Bonate_Sotto
45.66112	9.56806	Basilica di Santa Giulia	https://en.wikipedia.org/wiki/Basilica_di_Santa_Giulia,_Bonate_Sotto
61.95184	-6.79207	Magnus Cathedral	https://en.wikipedia.org/wiki/Magnus_Cathedral
45.64401	20.27265	Arača	https://en.wikipedia.org/wiki/Ara%C4%8Da
47.5039	19.0286	Church of Saint Mary Magdalene	http://www.wikidata.org/entity/Q784852
47.54727	19.03444	Cella trichora	http://www.wikidata.org/entity/Q859335
33.2125	-79.96694	Biggin Church Ruins	https://en.wikipedia.org/wiki/Biggin_Church_Ruins
46.74523	19.23828	Maimed tower in Soltszentimre	http://www.wikidata.org/entity/Q874212
53.04638	-9.06111	Temple Cronan	https://en.wikipedia.org/wiki/Temple_Cronan
2.03573	45.34161	Mogadishu Cathedral	https://en.wikipedia.org/wiki/Mogadishu_Cathedral
37.57479	21.78046	Isova	https://en.wikipedia.org/wiki/Isova
56.95868	14.00607	Hallsjö kyrkoruin	http://www.wikidata.org/entity/Q993216
47.90438	20.38004	Medieval Gothic Cathedral of Eger	http://www.wikidata.org/entity/Q1031447
51.51581	-0.09914	Christ Church Greyfriars	https://en.wikipedia.org/wiki/Christ_Church_Greyfriars
51.0636	11.6947	Cyriaksruine	http://www.wikidata.org/entity/Q1148502
47.09968	17.90023	Margaret ruins in Veszprém	http://www.wikidata.org/entity/Q1165065
46.5522	24.554	Q1217019	http://www.wikidata.org/entity/Q1217019
22.18166	31.49694	Faras Cathedral	https://en.wikipedia.org/wiki/Faras_Cathedral
60.7922	11.0385	Cathedral Ruins in Hamar	https://en.wikipedia.org/wiki/Cathedral_Ruins_in_Hamar
47.5494	18.7148	Zsámbék Premontre monastery church	https://en.wikipedia.org/wiki/Premontre_monastery_church_of_Zs%C3%A1mb%C3%A9k
47.52666	18.95583	Monastery of St Lawrence at Buda	https://en.wikipedia.org/wiki/Monastery_of_St_Lawrence_at_Buda
48.48066	21.33214	Q1242242	http://www.wikidata.org/entity/Q1242242
48.11842	20.52697	Pauline monastery of Szentlélek	http://www.wikidata.org/entity/Q1242243
48.48509	20.7345	Martonyi Monastery	http://www.wikidata.org/entity/Q1242248
46.9857	17.6893	Pauline monastery ruin in Nagyvázsony	http://www.wikidata.org/entity/Q1242254
46.15951	18.41243	Pécsvárad Abbey	https://en.wikipedia.org/wiki/P%C3%A9csv%C3%A1rad_Abbey
54.1386	12.9666	Dorfkirche Rolofshagen	http://www.wikidata.org/entity/Q1244668
46.85081	17.52916	Q1254605	http://www.wikidata.org/entity/Q1254605
54.73339	-4.41713	Candida Casa	https://en.wikipedia.org/wiki/Candida_Casa
57.36596	18.6884	Ardre ödekyrka	http://www.wikidata.org/entity/Q1288326
53.9615	-1.08822	St Mary's Abbey, York	https://en.wikipedia.org/wiki/St_Mary%27s_Abbey,_York
53.9622	-1.08796	St Mary's Abbey, York	https://en.wikipedia.org/wiki/St_Mary%27s_Abbey,_York
50.79916	6.43193	Church ruin	http://www.wikidata.org/entity/Q1439134
52.5183	13.4128	Grey Friars Monastery	http://www.wikidata.org/entity/Q1543798
52.27858	11.06969	Stiftskirche Walbeck	http://www.wikidata.org/entity/Q1555989
58.15047	13.60159	Church ruins of Agnestad	https://en.wikipedia.org/wiki/Church_ruins_of_Agnestad
41.01444	28.95305	Church of St. Polyeuctus	https://en.wikipedia.org/wiki/Church_of_St._Polyeuctus
60.82812	-45.78044	Church of Hvalsey	https://en.wikipedia.org/wiki/Hvalsey_Church
59.27143	-2.95747	Westside Church	https://en.wikipedia.org/wiki/Westside_Church
53.7468	12.672	Alt Panstorf church	http://www.wikidata.org/entity/Q1723041
46.82099	13.56066	Frühchristliche Saalkirche	http://www.wikidata.org/entity/Q1727591
51.1803	10.2605	Church ruin Katharinenberg	http://www.wikidata.org/entity/Q1743227
53.6821	12.5658	Kirchenruine Schorssow	http://www.wikidata.org/entity/Q1743231
47.0139	12.6471	Q1743234	http://www.wikidata.org/entity/Q1743234
56.58552	9.96318	Q1743240	http://www.wikidata.org/entity/Q1743240
59.00811	9.66298	St. Olav's Church	https://en.wikipedia.org/wiki/St._Olav%27s_Church_(ruin)
47.69416	18.905	Pilis Abbey	https://en.wikipedia.org/wiki/Pilis_Abbey
52.2882	8.91223	Dominican Abbey	http://www.wikidata.org/entity/Q1776111
56.0398	-3.3345	St Bridget's Kirk, Dalgety Bay	https://en.wikipedia.org/wiki/St_Bridget%27s_Kirk
57.4625	9.78444	Mårup Church	https://en.wikipedia.org/wiki/M%C3%A5rup_Church
55.35341	-4.68038	Maybole Collegiate Church	http://www.wikidata.org/entity/Q2015995
50.80138	4.94083	Paterskerk	http://www.wikidata.org/entity/Q2056779
50.8014	4.94094	Paterskerk	http://www.wikidata.org/entity/Q2056779
50.80142	4.94096	Paterskerk	http://www.wikidata.org/entity/Q2056779
58.57597	-4.76861	Balnakeil Church	http://www.wikidata.org/entity/Q2199319
57.64046	18.29559	Saint Catherine in Visby	http://www.wikidata.org/entity/Q2319831
50.147	12.72988	Church of Saint Nicholas	http://www.wikidata.org/entity/Q2322141
55.65433	-3.19262	Cross Kirk	http://www.wikidata.org/entity/Q2463503
51.45634	-0.96508	Reading Abbey	https://en.wikipedia.org/wiki/Reading_Abbey
60.3545	-1.26801	St Olaf's Church	http://www.wikidata.org/entity/Q2492889
57.21495	-5.94816	Cill Chriosd	https://en.wikipedia.org/wiki/Cill_Chriosd
59.15692	-2.93523	St Magnus Church (Egilsay)	https://en.wikipedia.org/wiki/St_Magnus_Church,_Egilsay
53.6257	12.6141	Wüste Kirche Domherrenhagen	http://www.wikidata.org/entity/Q2597029
37.5992	-0.9846	Cartagena Cathedral	https://en.wikipedia.org/wiki/Cartagena_Cathedral
51.179	3.02872	Romaanse Sint-Eligiuskerk	http://www.wikidata.org/entity/Q2674421
56.3324	-3.83266	Muthill Old Church	http://www.wikidata.org/entity/Q2922472
48.63583	-2.02694	Aleth Cathedral	https://en.wikipedia.org/wiki/Aleth_Cathedral
41.06595	20.64483	Paleochristian Church	https://en.wikipedia.org/wiki/Paleochristian_Church,_Lin
52.5181	-7.26857	Kilree	https://en.wikipedia.org/wiki/Kilree
44.0274	9.8511	abbazia di San Venerio	http://www.wikidata.org/entity/Q3603252
46.37912	11.24108	Saint Peter church	http://www.wikidata.org/entity/Q3635713
44.28281	8.44268	Santo Spirito	http://www.wikidata.org/entity/Q3674260
53.90149	27.55462	St Adalbert's Church and Convent of Benedictine (Minsk)	https://en.wikipedia.org/wiki/Church_of_St._Adalbert_and_Benedictine_monastery
13.2975	144.66083	San Dionisio Church Ruins	https://en.wikipedia.org/wiki/San_Dionisio_Church_Ruins
54.57361	20.23561	Kirche Pörschken	http://www.wikidata.org/entity/Q4386154
58.89098	5.61129	Sola ruinkirke	http://www.wikidata.org/entity/Q4581876
52.9656	1.042	Blakeney Chapel	https://en.wikipedia.org/wiki/Blakeney_Chapel
41.07616	20.62654	Byzantine Church, Lin	https://en.wikipedia.org/wiki/Byzantine_Church,_Lin
61.12688	21.51625	Ruins of the Holy Trinity Church	http://www.wikidata.org/entity/Q5405657
51.3162	0.8565	Faversham Stone Chapel	https://en.wikipedia.org/wiki/Faversham_Stone_Chapel
59.19556	9.59343	Hakastein Church	https://en.wikipedia.org/wiki/Hakastein_Church
48.5552	17.53565	Church and monastery of St. Catherine of Alexandria	https://en.wikipedia.org/wiki/Katar%C3%ADnka
37.1083	-76.7358	Old Brick Church	https://en.wikipedia.org/wiki/Old_Brick_Church_(Bacon%27s_Castle,_Virginia)
32.61852	-80.78047	Old Sheldon Church Ruins	https://en.wikipedia.org/wiki/Old_Sheldon_Church_Ruins
47.4957	19.04076	Palace Chapel	https://en.wikipedia.org/wiki/Palace_Chapel_(Buda_Castle)
43.1423	26.81295	Round Church, Preslav	https://en.wikipedia.org/wiki/Round_Church,_Preslav
17.47497	106.62335	Tam Toa Church	https://en.wikipedia.org/wiki/Tam_T%C3%B2a_Church
56.6964	12.8732	Övraby	https://en.wikipedia.org/wiki/%C3%96vraby
55.50889	13.33479	Börringe kyrkoruin	http://www.wikidata.org/entity/Q10438745
58.61069	12.39644	Erikstads kyrkoruin	http://www.wikidata.org/entity/Q10487757
58.10624	13.91396	Ettaks kyrkoruin	http://www.wikidata.org/entity/Q10489437
58.8241	14.14249	Fagerlids kyrkoruin	http://www.wikidata.org/entity/Q10493565
55.68277	13.1675	Flackarps kyrka	http://www.wikidata.org/entity/Q10496189
59.70861	17.60836	Flasta kyrkoruin	http://www.wikidata.org/entity/Q10496327
57.79628	18.75151	Gann Church	https://en.wikipedia.org/wiki/Gann_Church
59.20637	14.97298	Granhammars kyrkoruin	http://www.wikidata.org/entity/Q10508088
52.7064	-2.75311	Old Church of St Chad, Shrewsbury	http://www.wikidata.org/entity/Q17542381
50.7282	-2.84851	Chapel of St Gabriel	http://www.wikidata.org/entity/Q17543020
50.7648	-2.706	Tower, Remains of West Milton Chapel	http://www.wikidata.org/entity/Q17543265
51.8515	0.82999	Church of St Mary (ruin) north of Birch Hall	http://www.wikidata.org/entity/Q17545238
51.8631	0.83484	Church of All Saints	http://www.wikidata.org/entity/Q17545602
52.0725	-2.01495	Netherton Chapel	http://www.wikidata.org/entity/Q17548720
52.47812	-1.65622	Remains of Tower and Walls of Monastic Church Approximately 250 Metres South of Priory Farmhouse	http://www.wikidata.org/entity/Q17550644
51.6162	-0.31662	Old Stanmore Church	http://www.wikidata.org/entity/Q17551595
50.9316	-2.49156	Remains of Old Church of St Mary Magdalene	http://www.wikidata.org/entity/Q17553813
52.6264	1.33873	Ruin of Church of St Andrew	http://www.wikidata.org/entity/Q17554024
52.593	1.52891	Remains of Church of St Edmunds	http://www.wikidata.org/entity/Q17554270
52.6161	1.56909	Remains of Church of St Peter and St Paul	http://www.wikidata.org/entity/Q17554300
52.7455	0.45351	St Michael's church	http://www.wikidata.org/entity/Q17555589
52.8694	1.09812	Remains of Former Parish Church of St Peter and St Paul	http://www.wikidata.org/entity/Q17555763
52.8418	1.17862	Remains of Parish Church of Mannington	http://www.wikidata.org/entity/Q17555778
56.39388	-3.42228	Kinnoull, Old Parish Church	http://www.wikidata.org/entity/Q17570879
50.664	-3.31349	Old church (remains of)	http://www.wikidata.org/entity/Q17640636
52.84575	-1.32287	Hemington Chapel	http://www.wikidata.org/entity/Q17640816
51.05101	0.95793	Eastbridge Church	http://www.wikidata.org/entity/Q17641134
52.39772	0.52827	St Peter's Church, remains of	http://www.wikidata.org/entity/Q17641166
52.49936	1.70712	St Andrew's Church (remains of)	http://www.wikidata.org/entity/Q17641322
52.21384	0.49353	All Saints' Church, remains of	http://www.wikidata.org/entity/Q17641554
51.67774	-0.54289	St Mary Magdalen's Church, Flaunden	http://www.wikidata.org/entity/Q17641684
52.83197	-2.15568	Creswell Chapel	http://www.wikidata.org/entity/Q17641812
51.40626	-0.92344	Site of St Bartholomew's Church	http://www.wikidata.org/entity/Q17641859
52.03057	-2.71425	Bullingham Old Church	http://www.wikidata.org/entity/Q17642163
51.06819	1.03537	St Mary's Church, West Hythe	http://www.wikidata.org/entity/Q17642740
52.9454	-1.10666	St John Baptist's Church and graveyard, Colwick	http://www.wikidata.org/entity/Q17642920
52.3558	-2.84123	Church of St Giles, Downton on the Rock	http://www.wikidata.org/entity/Q17645431
51.97216	-1.98873	Gretton Church (ruins of)	http://www.wikidata.org/entity/Q17645722
50.9951	0.91907	Hope All Saints', remains of church	https://en.wikipedia.org/wiki/Hope_Church_of_All_Saints
52.6401	1.27467	St Bartholomew's Church	http://www.wikidata.org/entity/Q17646091
52.8883	-0.75693	Old St James' Church, Woolsthorpe	http://www.wikidata.org/entity/Q17646318
52.2836	-0.88032	Old St John's Church	http://www.wikidata.org/entity/Q17647846
52.63585	1.21635	Remains of Bowthorpe Church	http://www.wikidata.org/entity/Q17647917
52.93184	0.53533	St Peter's Church tower	http://www.wikidata.org/entity/Q17648535
52.4473	0.87721	Ruins of St Andrew's Church	http://www.wikidata.org/entity/Q17648725
52.44735	0.87715	Ruins of St Andrew's Church	http://www.wikidata.org/entity/Q17648725
51.1251	1.31262	St Martin's Church	http://www.wikidata.org/entity/Q17650056
51.18663	0.76692	St Mary's Church (remains of)	http://www.wikidata.org/entity/Q17650186
51.08196	-1.36975	St Peter's Church, Lainston House	http://www.wikidata.org/entity/Q17650383
52.0136	0.71038	Remains of church and churchyard, 80m south east of The Ryes	http://www.wikidata.org/entity/Q17663412
51.8049	1.20275	Remains of the medieval parish church and cemetery, 70m north east of the junction of Hall Close and Frinton Road	http://www.wikidata.org/entity/Q17663419
52.0587	-0.85508	Remains of the church and churchyard of St Mary Magdalen	http://www.wikidata.org/entity/Q17663622
51.55152	-1.76978	Remains of Holy Rood Church, The Lawn, Old Town	http://www.wikidata.org/entity/Q17663897
52.71531	0.57869	Remains of St Andrew's Church	http://www.wikidata.org/entity/Q17664522
51.78878	0.82594	Remains of St Mary the Virgin's Church	http://www.wikidata.org/entity/Q17664753
51.84639	0.9963	Remains of St Peter's Church, 460m south of Church Farm	http://www.wikidata.org/entity/Q17664761
54.0853	-1.75194	Ruins of St Mary's Church	https://en.wikipedia.org/wiki/St_Mary%27s_Church,_Pateley_Bridge
54.08534	-1.75194	Ruins of St Mary's Church	https://en.wikipedia.org/wiki/St_Mary%27s_Church,_Pateley_Bridge
54.01876	-0.94071	St Leonard's Church and cross base adjacent to St Mary's Church	http://www.wikidata.org/entity/Q17671679
54.0188	-0.94072	St Leonard's Church and cross base adjacent to St Mary's Church	http://www.wikidata.org/entity/Q17671679
52.2229	-2.49573	Motte and bailey castle and St Mary's Old Church	http://www.wikidata.org/entity/Q17672746
51.3495	0.75709	Murston Old Church	http://www.wikidata.org/entity/Q17673568
52.81339	-1.48017	Medieval church and cross 45m south of  St George's Church	http://www.wikidata.org/entity/Q17674393
52.3934	1.38984	South Elmham Minster	http://www.wikidata.org/entity/Q17674439
54.5249	-1.87143	Remains of St Michael's Church, 50m north west of Dairy Bridge, Rokeby Park	http://www.wikidata.org/entity/Q17675019
53.2845	-0.29863	Moated manorial complex and church site 230m south east of All Saints' Church	http://www.wikidata.org/entity/Q17676189
53.18222	-3.41904	Leicester's Church (remains)	https://en.wikipedia.org/wiki/Leicester%27s_Church,_Denbigh
58.5169	-3.4863	Old Parish Church, Halkirk	https://en.wikipedia.org/wiki/Halkirk_Auld_Kirk
52.39819	0.94464	Tower of All Saints' Church	http://www.wikidata.org/entity/Q17905083
52.48807	0.79666	Ruins of St Lawrence's Church	http://www.wikidata.org/entity/Q17905084
49.49903	12.79003	Church of Saint Nicholas	http://www.wikidata.org/entity/Q18175393
62.40535	17.20855	Selångers kyrkoruin	http://www.wikidata.org/entity/Q18278288
58.40869	15.6212	Hospitalskyrkan, Linköping	http://www.wikidata.org/entity/Q18290692
58.64995	13.17255	Q18331855	http://www.wikidata.org/entity/Q18331855
45.75985	15.31665	St. Gertrude's Church (Gabrje)	http://www.wikidata.org/entity/Q18515901
45.92006	23.20316	Roman chapel in Geoagiu	http://www.wikidata.org/entity/Q18538568
50.47238	13.85786	Church of Saint Bernard of Clairvaux	http://www.wikidata.org/entity/Q18564505
50.78605	14.22267	Old Catholic church in Děčín	http://www.wikidata.org/entity/Q18564619
46.51966	11.26517	Saint Margaret church	http://www.wikidata.org/entity/Q18572392
46.05137	15.70937	St. Margaret's Church, Kunšperk	http://www.wikidata.org/entity/Q18729291
50.83888	14.29718	former Lutheran church in Růžová	http://www.wikidata.org/entity/Q18745917
49.79362	12.73561	Church of Saint John the Baptist	http://www.wikidata.org/entity/Q18746096
50.4261	13.19064	Church of Saint James the Greater (Louchov)	http://www.wikidata.org/entity/Q18907471
59.20175	9.62423	Kapitelberget kirkeruin	http://www.wikidata.org/entity/Q19377201
58.99627	5.74121	Q19381048	http://www.wikidata.org/entity/Q19381048
59.27333	10.40222	Mikaelskirken	http://www.wikidata.org/entity/Q19381506
61.06393	9.00329	Mo kirkeruin	http://www.wikidata.org/entity/Q19381699
60.77638	11.47333	Rokoberget kirkeruin	http://www.wikidata.org/entity/Q19386864
60.10061	10.2949	Stein kirkeruin	http://www.wikidata.org/entity/Q19390406
49.63925	12.6625	Church of Saint Apollonia in Svatá Apolena	http://www.wikidata.org/entity/Q19635528
46.35825	30.47921	Church in Neuburg, Odesa Raion	http://www.wikidata.org/entity/Q19760057
52.8403	-8.96058	Doora Church	https://en.wikipedia.org/wiki/Doora_Church
53.06392	-9.51414	Caomhan's Church	http://www.wikidata.org/entity/Q19979588
46.97932	17.66104	Q20439514	http://www.wikidata.org/entity/Q20439514
47.92996	22.53963	Czégény  Monastery	http://www.wikidata.org/entity/Q20900359
50.88445	9.81368	Gißlingskirche	http://www.wikidata.org/entity/Q21051501
51.83631	8.77373	Kirche Haustenbeck	http://www.wikidata.org/entity/Q21502158
37.9086	-2.9998	Iglesia de Santa Maria, Cazorla	http://www.wikidata.org/entity/Q22829044
48.37262	-2.00503	Ancienne église de Saint-André-des-Eaux	http://www.wikidata.org/entity/Q22925329
50.63612	14.33739	Church of Saint Gall	http://www.wikidata.org/entity/Q22976078
44.11469	5.15392	Chapelle Saint Michel	http://www.wikidata.org/entity/Q22998944
46.1718	21.3324	Q23753223	http://www.wikidata.org/entity/Q23753223
48.77256	15.29659	Kirchenruine Sieben Schmerzen Mariä	http://www.wikidata.org/entity/Q24027984
53.22336	-6.60147	Furness Church	https://en.wikipedia.org/wiki/Furness_Church
47.53858	18.96908	Hungarian Holy Land Church	http://www.wikidata.org/entity/Q24705246
50.67087	13.86229	Church of Saint Procopius	http://www.wikidata.org/entity/Q24855216
53.61484	8.51741	Ochsenturm (Imsum)	http://www.wikidata.org/entity/Q25622050
53.6149	8.51743	Ochsenturm (Imsum)	http://www.wikidata.org/entity/Q25622050
57.64306	18.29839	Helge And church ruin	http://www.wikidata.org/entity/Q10519523
58.2929	12.7682	Q10530892	http://www.wikidata.org/entity/Q10530892
57.71972	12.0225	Härlanda Church Ruins	https://en.wikipedia.org/wiki/H%C3%A4rlanda_Church_Ruins
59.85888	18.68111	Karlskyrka kyrkoruin	http://www.wikidata.org/entity/Q10543808
59.19608	15.10369	Kullkyrkan i Mosjö	http://www.wikidata.org/entity/Q10549922
59.2613	17.2127	Kärnbo ödekyrka	http://www.wikidata.org/entity/Q10551863
55.50305	13.39194	Lemmeströ kyrkoruin	http://www.wikidata.org/entity/Q10556830
56.2667	12.8523	Q10570912	http://www.wikidata.org/entity/Q10570912
59.14806	15.01348	Q10577190	http://www.wikidata.org/entity/Q10577190
57.6408	18.29669	Q10658300	http://www.wikidata.org/entity/Q10658300
57.64312	18.29609	St. Clement church ruin	http://www.wikidata.org/entity/Q10659373
57.64763	18.30338	St. Göran's Church ruin	http://www.wikidata.org/entity/Q10659391
57.63777	18.29277	Sankt Hans och Sankt Pers kyrkoruiner	http://www.wikidata.org/entity/Q10659394
57.64138	18.29503	Saint Lars church ruin	https://en.wikipedia.org/wiki/Saint_Lars_church_ruin,_Visby
57.63686	18.29541	Q10659416	http://www.wikidata.org/entity/Q10659416
57.64411	18.29806	Saint Nicolaus church ruin in Visby	http://www.wikidata.org/entity/Q10659417
57.64299	18.29384	Sankt Olofs kyrkoruin, Visby	http://www.wikidata.org/entity/Q10659423
57.64175	18.2952	Drotten church ruin	http://www.wikidata.org/entity/Q10659436
57.64368	18.29875	Sankta Gertruds kyrkoruin, Visby	http://www.wikidata.org/entity/Q10659441
55.39578	10.3898	Sankt Albani kirke	http://www.wikidata.org/entity/Q10661317
59.1527	15.1061	Q10661338	http://www.wikidata.org/entity/Q10661338
58.38541	13.43878	Q10661397	http://www.wikidata.org/entity/Q10661397
59.61697	17.72002	Sankt Lars kyrkoruin	http://www.wikidata.org/entity/Q10661400
55.6412	12.0801	Sankt Laurentii Church Tower	https://en.wikipedia.org/wiki/Sankt_Laurentii_Church_Tower
59.61613	17.71391	Sankt Perskyrkan, Sigtuna	http://www.wikidata.org/entity/Q10661468
55.79027	13.32305	Skeglinge kyrkoruin	http://www.wikidata.org/entity/Q10669940
61.17152	16.81638	Skogs gamla kyrka, Hälsingland	http://www.wikidata.org/entity/Q10670318
58.21594	13.30652	Q10676961	http://www.wikidata.org/entity/Q10676961
58.2899	14.6437	Sverkerskapellet	http://www.wikidata.org/entity/Q10686287
58.4005	12.8122	Q10707972	http://www.wikidata.org/entity/Q10707972
58.02018	11.6321	Q10718716	http://www.wikidata.org/entity/Q10718716
57.8616	11.9211	Ytterby gamla kyrka	http://www.wikidata.org/entity/Q10723821
56.59508	15.25256	Älmeboda kyrkoruin	http://www.wikidata.org/entity/Q10725647
59.2459	12.4787	Ämmeskog Church	http://www.wikidata.org/entity/Q10725809
59.2739	17.13181	Ärja ödekyrka	http://www.wikidata.org/entity/Q10726039
59.26115	15.17378	Ånsta kyrkoruin	http://www.wikidata.org/entity/Q10726591
58.19687	15.99583	Åtvids gamla kyrka	http://www.wikidata.org/entity/Q10727010
59.55805	18.24166	Össeby kyrkoruin	http://www.wikidata.org/entity/Q10727750
41.29964	-0.74547	Church of San Martín de Tours, Belchite	https://en.wikipedia.org/wiki/Church_of_San_Mart%C3%ADn_de_Tours_(Old_Town_Belchite,_Zaragoza)
59.26628	10.41004	Olavskirken, Tønsberg	http://www.wikidata.org/entity/Q11993511
59.56083	11.26333	Tenor kirkeruin	http://www.wikidata.org/entity/Q12005491
50.2151	16.5504	Church of the Assumption of the Virgin Mary	http://www.wikidata.org/entity/Q12030345
49.0688	16.4715	Church of Saint Mary	http://www.wikidata.org/entity/Q12030479
49.99718	13.0183	Church of Saint Blaise (Branišov)	http://www.wikidata.org/entity/Q12030698
50.9559	15.2619	kostel svatého Jakuba Staršího (Jindřichovice pod Smrkem)	http://www.wikidata.org/entity/Q12030744
49.9478	13.6558	Church of Saints Peter and Paul (Dolany)	http://www.wikidata.org/entity/Q12030967
32.6563	35.678	Byzantine church	http://www.wikidata.org/entity/Q12191871
42.5581	23.4244	Q12293180	http://www.wikidata.org/entity/Q12293180
56.15991	9.73937	Bjarup Ødekirke	http://www.wikidata.org/entity/Q12303668
55.27907	12.44575	Højerup old church	http://www.wikidata.org/entity/Q12317772
56.36165	10.26106	Krogsbæk Ødekirkegård	http://www.wikidata.org/entity/Q12322998
56.29182	10.26691	Sankt Nikolaj Kapel	http://www.wikidata.org/entity/Q12334608
42.51194	-8.8075	Ancient Saint Mary church in Cambados	http://www.wikidata.org/entity/Q12390617
31.73923	35.21279	Kathisma Church	https://en.wikipedia.org/wiki/Church_of_the_Seat_of_Mary
51.50967	-0.08272	St Dunstan-in-the-East	https://en.wikipedia.org/wiki/St_Dunstan-in-the-East
45.97081	15.61759	Church of Saint James the Greater	http://www.wikidata.org/entity/Q12786826
41.97373	45.81017	Dolochopi basilica	https://en.wikipedia.org/wiki/Dolochopi_basilica
49.26155	19.43352	Church of St Cosmas and Damian, Sedliacka Dubová	http://www.wikidata.org/entity/Q13425328
50.6294	16.1288	Church of Virgin Mary	http://www.wikidata.org/entity/Q13434564
46.67696	29.97081	Church of the Assumption of Our Lady in Lymanske	https://en.wikipedia.org/wiki/Cathedral_of_the_Assumption_of_the_Blessed_Virgin_Mary_(Lymanske)
46.65136	29.96292	Church of the Holy Trinity, Lymanske	https://en.wikipedia.org/wiki/Holy_Trinity_Cathedral_(Lymanske)
48.049	20.365	Cistercian Abbey of Bélapátfalva	http://www.wikidata.org/entity/Q15075147
46.50389	11.35936	St. Oswald	http://www.wikidata.org/entity/Q15526210
31.83923	34.9894	church ruins at Emmaus Nicopolis	http://www.wikidata.org/entity/Q15823611
50.77063	12.06166	Wiedenkirche Weida	http://www.wikidata.org/entity/Q15843324
43.99805	16.22305	Q16109979	http://www.wikidata.org/entity/Q16109979
51.12614	1.31791	St James' Church, Dover	https://en.wikipedia.org/wiki/St_James%27_Church,_Dover
56.02177	10.263	Kysing Kirkeruin	http://www.wikidata.org/entity/Q16323969
35.62984	34.37376	Saint Filion church	http://www.wikidata.org/entity/Q16327458
41.75777	44.75	Onadiri church	http://www.wikidata.org/entity/Q16373749
63.86836	-22.06147	Krýsuvíkurkirkja	http://www.wikidata.org/entity/Q16419338
58.20551	13.23189	Ballstorps kyrkoruin	http://www.wikidata.org/entity/Q16498097
43.90056	11.1437	San Biagio a Cavagliano	http://www.wikidata.org/entity/Q16540043
49.32583	17.02972	Rotunda of Saint Pantaleon	http://www.wikidata.org/entity/Q16885566
46.5947	17.6379	Somogyvár Abbey	https://en.wikipedia.org/wiki/Somogyv%C3%A1r_Abbey
52.62886	-7.06501	St. Mary's Collegiate Church Gowran	https://en.wikipedia.org/wiki/St._Mary%27s_Collegiate_Church,_Gowran
46.8313	17.6078	Church ruins of Ecsérpuszta	http://www.wikidata.org/entity/Q17336391
52.16097	4.48914	choir part of former Vrouwekerk	http://www.wikidata.org/entity/Q17339369
52.62029	5.77352	Ensenerkerk	http://www.wikidata.org/entity/Q17437659
52.20073	4.50122	Ruïnekerk, Warmond	http://www.wikidata.org/entity/Q17446666
52.20062	4.50159	Q17446667	http://www.wikidata.org/entity/Q17446667
52.2439	0.7193	Ruins of Abbey Church of St Edmund	http://www.wikidata.org/entity/Q17526820
53.3611	-0.84982	Remains of Church of St Helen	http://www.wikidata.org/entity/Q17527909
52.8975	-0.9684	Remains of Church of St Mary	http://www.wikidata.org/entity/Q17527997
52.1236	-1.63901	Former Church of Holy Trinity Approximately 70 Metres East of Ettington Park Hotel	http://www.wikidata.org/entity/Q17528461
50.9685	-2.17855	Tower of the former Church of St Mary	http://www.wikidata.org/entity/Q17531446
50.9617	-0.82765	Ruins Of The Old Parish Church Of St Mary	http://www.wikidata.org/entity/Q17531685
50.9617	-0.82764	Ruins Of The Old Parish Church Of St Mary	http://www.wikidata.org/entity/Q17531685
52.5216	1.28673	Remains of Church of St Mary, Saxlingham Nethergate	http://www.wikidata.org/entity/Q17532294
51.2691	-1.09003	Ruins Of Chapel Of The Holy Trinity	http://www.wikidata.org/entity/Q17532548
52.4273	1.18478	Remains of Church of St Mary, Tivetshall St Mary	http://www.wikidata.org/entity/Q17532943
52.7583	0.46147	St James' church	http://www.wikidata.org/entity/Q17536124
52.8067	0.47014	St Felix's Church, Babingley	http://www.wikidata.org/entity/Q17536355
50.892	-1.96748	Ruins of Knowlton Church	http://www.wikidata.org/entity/Q17537896
54.9985	-1.52446	Church of Holy Cross	http://www.wikidata.org/entity/Q17538046
51.9503	-2.72007	Church of St John the Baptist	http://www.wikidata.org/entity/Q17539073
52.1756	-2.49635	Ruins of Church of St Mary	http://www.wikidata.org/entity/Q17539933
54.6225	-1.38542	Ruins of Church of St Thomas A Becket	http://www.wikidata.org/entity/Q17541521
46.23638	7.36694	Tourbillon Chapel	http://www.wikidata.org/entity/Q29892233
44.04687	8.21299	San Clemente	http://www.wikidata.org/entity/Q29905383
49.02474	15.2266	Church of Saint John the Baptist	http://www.wikidata.org/entity/Q29962387
58.70687	16.37847	Q30022620	http://www.wikidata.org/entity/Q30022620
53.21797	18.76777	Saint John the Baptist church in Zajączkowo	http://www.wikidata.org/entity/Q30038665
53.21794	18.76781	Saint John the Baptist church in Zajączkowo	http://www.wikidata.org/entity/Q30038665
51.09671	15.77542	Former Lutheran church in Twardocice	http://www.wikidata.org/entity/Q30089303
57.17584	10.21301	Q30113641	http://www.wikidata.org/entity/Q30113641
56.96859	8.47633	Tvorup Kirkeruin	http://www.wikidata.org/entity/Q30117237
56.70432	9.7854	Q30120402	http://www.wikidata.org/entity/Q30120402
56.65846	9.79168	Q30120419	http://www.wikidata.org/entity/Q30120419
56.72484	9.89427	Q30120624	http://www.wikidata.org/entity/Q30120624
56.47604	9.09355	Q30123939	http://www.wikidata.org/entity/Q30123939
56.44661	10.1546	Essenbæk Kirketomt	http://www.wikidata.org/entity/Q30130575
55.868	10	Q30131589	http://www.wikidata.org/entity/Q30131589
55.9527	9.3334	Krejbjerg Kirketomt	http://www.wikidata.org/entity/Q30132203
52.49535	-6.92519	Templenaboe Church	http://www.wikidata.org/entity/Q30136908
55.19723	11.90281	Q30145245	http://www.wikidata.org/entity/Q30145245
55.46084	12.16586	Q30147694	http://www.wikidata.org/entity/Q30147694
55.64085	12.08573	St Mikkels Tomb	http://www.wikidata.org/entity/Q30148284
55.64048	12.07617	St Budolfi Tomb	http://www.wikidata.org/entity/Q30148286
55.63971	12.07917	St Dionysii Tomb	http://www.wikidata.org/entity/Q30148289
55.64171	12.0833	Saint Olai Monument	http://www.wikidata.org/entity/Q30148293
55.63841	12.08249	Vor Frue Cloister Plot	http://www.wikidata.org/entity/Q30148295
54.76841	11.86741	Q30151874	http://www.wikidata.org/entity/Q30151874
56.92669	9.89985	Q30152604	http://www.wikidata.org/entity/Q30152604
56.44534	9.40696	Q30153046	http://www.wikidata.org/entity/Q30153046
55.58035	10.32019	Q30154160	http://www.wikidata.org/entity/Q30154160
55.71767	11.71872	Q30154827	http://www.wikidata.org/entity/Q30154827
55.32787	8.77113	Q30154918	http://www.wikidata.org/entity/Q30154918
55.87313	9.81628	Q30156321	http://www.wikidata.org/entity/Q30156321
57.06239	9.57046	Q30156665	http://www.wikidata.org/entity/Q30156665
56.86912	9.21359	Q30156669	http://www.wikidata.org/entity/Q30156669
55.78809	8.23977	Q30156777	http://www.wikidata.org/entity/Q30156777
52.92817	-8.99005	Ruan Church	http://www.wikidata.org/entity/Q30160934
52.97027	-9.08555	Killinaboy Church	http://www.wikidata.org/entity/Q30160959
58.38453	13.43951	Q30237836	http://www.wikidata.org/entity/Q30237836
50.46244	17.00786	Paczków ruina kościoła cmentarnego	http://www.wikidata.org/entity/Q30246224
52.63504	-8.67451	Mungret Churches	http://www.wikidata.org/entity/Q30246641
52.62907	-8.836	Killulta Church	https://en.wikipedia.org/wiki/Killulta_Church
52.60793	-8.89381	Killeen Cowpark Church	https://en.wikipedia.org/wiki/Killeen_Cowpark
52.66083	-8.65512	Kilrush Church	https://en.wikipedia.org/wiki/Kilrush_Church
54.2742	-8.20229	Cloonlougher Church	http://www.wikidata.org/entity/Q30246745
53.23196	-6.52445	Kilteel Church	http://www.wikidata.org/entity/Q30246999
52.11616	-9.59586	Aglish Church	http://www.wikidata.org/entity/Q30247140
52.07286	-9.68681	Churchtown Church	http://www.wikidata.org/entity/Q30247158
51.78239	-10.05938	Coad Church	http://www.wikidata.org/entity/Q30247162
51.86632	-10.13152	Dromod Church	http://www.wikidata.org/entity/Q30247170
52.08438	-9.66841	Kilbonane Church	http://www.wikidata.org/entity/Q30247190
52.55399	-9.65309	Kilconly Church	http://www.wikidata.org/entity/Q30247194
51.90331	-9.43759	Kilgarvan Church	http://www.wikidata.org/entity/Q30247201
51.78226	-9.81331	Kilmakilloge Church	http://www.wikidata.org/entity/Q30247211
52.22587	-9.38321	Kilmurry Church	http://www.wikidata.org/entity/Q30247217
52.21646	-9.3726	Kilnananima Church	http://www.wikidata.org/entity/Q30247220
52.15933	-9.42366	Kilsarkan Church	http://www.wikidata.org/entity/Q30247225
52.31011	-10.01644	Kilshannig Church	http://www.wikidata.org/entity/Q30247226
52.4532	-9.38093	Knockanure Church	http://www.wikidata.org/entity/Q30247234
51.92227	-10.30924	Church at Farranreagh	http://www.wikidata.org/entity/Q30247235
52.18172	-9.59483	Molahiffe Church	http://www.wikidata.org/entity/Q30247238
52.24892	-9.52237	Nohaval Church	http://www.wikidata.org/entity/Q30247241
52.44247	-9.64999	Rattoo Church	http://www.wikidata.org/entity/Q30247247
51.96393	-9.85145	Shroneahiree Church	http://www.wikidata.org/entity/Q30247249
51.94886	-10.13686	Srugreana Church	http://www.wikidata.org/entity/Q30247250
52.25021	-10.06426	Stradbally Church	http://www.wikidata.org/entity/Q30247252
51.86594	-9.66957	Templenoe Church	http://www.wikidata.org/entity/Q30247253
51.98611	-10.07861	Caherlehillan Early Christian Site	http://www.wikidata.org/entity/Q30247269
53.13096	-9.75905	Temple MacDuagh Church	http://www.wikidata.org/entity/Q30247313
53.1302	-9.75667	Templenaneeve Church Kilmurvy	http://www.wikidata.org/entity/Q30247315
53.39666	-9.89277	Inishnee Church	http://www.wikidata.org/entity/Q30247367
58.3288	13.40849	Q30286136	http://www.wikidata.org/entity/Q30286136
54.28513	18.77115	Q30582543	http://www.wikidata.org/entity/Q30582543
52.47626	-8.4326	Hospital Church	https://en.wikipedia.org/wiki/Hospital_Church
54.25958	20.71994	Ruins of Lutheran church in Borki	http://www.wikidata.org/entity/Q31073112
54.41408	19.98563	Church in Pęciszewo	http://www.wikidata.org/entity/Q31097189
54.07419	19.24936	Q31111771	http://www.wikidata.org/entity/Q31111771
52.59731	-7.73382	Derrynaflan Church	https://en.wikipedia.org/wiki/Derrynaflan_Church
53.09157	-8.12024	St. Ruadhan's Church, Lorrha	http://www.wikidata.org/entity/Q32997793
53.12179	15.05673	Q33313266	http://www.wikidata.org/entity/Q33313266
53.16082	15.18229	Q33325823	http://www.wikidata.org/entity/Q33325823
49.30544	13.33681	Kostel sv. Bartoloměje (Běšiny, Česko)	http://www.wikidata.org/entity/Q36865908
48.94703	14.32019	Church of Saint Vitus	http://www.wikidata.org/entity/Q37271070
50.65753	13.72299	Old evangelical church in Hrob	http://www.wikidata.org/entity/Q37293583
50.20898	12.85006	Church of Saint Leonard	http://www.wikidata.org/entity/Q37340724
46.85494	13.46512	cemetery Zelsach	http://www.wikidata.org/entity/Q37760883
47.41684	12.13674	Kirchenruine Hoerbrunn	http://www.wikidata.org/entity/Q37762664
50.36404	14.13338	Church of Saint John of Nepomuk (Mšené-lázně)	http://www.wikidata.org/entity/Q37819410
49.56702	13.18444	Former Church of Saint Lawrence	http://www.wikidata.org/entity/Q37819717
46.66517	14.17952	Frühmittelalterliches Gräberfeld und Kirche, Moosburg	http://www.wikidata.org/entity/Q37824669
49.4279	14.41716	Church of Saint Nicholas	http://www.wikidata.org/entity/Q38095212
50.38436	14.8373	Q38139168	http://www.wikidata.org/entity/Q38139168
50.04253	13.22856	Church of Saints Peter and Paul	http://www.wikidata.org/entity/Q38140321
52.267	-9.68181	Ratass Church	https://en.wikipedia.org/wiki/Ratass_Church
35.06207	24.94713	Agios Titos	http://www.wikidata.org/entity/Q38282638
37.90698	21.26896	Dominican Church of St. Sophia (Andravida)	http://www.wikidata.org/entity/Q38283783
47.87281	-3.91272	Église Saint-Guénolé de Concarneau	http://www.wikidata.org/entity/Q38597824
9.00814	-79.48577	Iglesia y Convento de Santo Domingo	http://www.wikidata.org/entity/Q42750502
41.75775	44.75024	Q42768606	http://www.wikidata.org/entity/Q42768606
9.01146	-79.48577	Iglesia y Convento de San José	http://www.wikidata.org/entity/Q42886059
57.08865	25.60091	Orthodox Church in Māļi	http://www.wikidata.org/entity/Q45898781
52.0231	-4.8936	Ruins of Old Church of St Brynach	http://www.wikidata.org/entity/Q26001309
51.58262	-2.7136	Holy Trinity Church	http://www.wikidata.org/entity/Q26203842
59.70829	16.19957	Sura gamla kyrka	http://www.wikidata.org/entity/Q26256559
58.31175	15.11442	Sörby Church	http://www.wikidata.org/entity/Q26256563
58.31032	14.91105	Harstad Church	http://www.wikidata.org/entity/Q26256798
55.26049	11.72553	Ladby kirkeruin	http://www.wikidata.org/entity/Q26257968
55.138	15.0161	Østermarie church ruin	http://www.wikidata.org/entity/Q26257987
51.6083	9.81744	Wüstungskirche bei Asche	http://www.wikidata.org/entity/Q26271222
52.90237	0.88225	Ruins of All Saints and St Marys Church	http://www.wikidata.org/entity/Q26291163
52.85172	0.87539	Remains of Church of St Thomas, Thorpland South East of Thorpland Hall	http://www.wikidata.org/entity/Q26291246
52.86066	1.03402	Church of St Mary (Ruins)	http://www.wikidata.org/entity/Q26301259
52.36663	1.17256	Remains of Church of St Mary, Thorpe Parva	http://www.wikidata.org/entity/Q26302230
52.59517	1.26757	Remains of Church of All Saints Immediately East of Church of All Saints Q.V. 6/67	http://www.wikidata.org/entity/Q26302521
52.47559	1.54892	Remains of Church of All Saints	http://www.wikidata.org/entity/Q26302553
52.63624	1.08145	Remains of Church of St Andrew	http://www.wikidata.org/entity/Q26302678
52.7076	1.33616	Ruined Church of St Peter	http://www.wikidata.org/entity/Q26302793
52.72846	1.3005	Remains of Church of All Saints	http://www.wikidata.org/entity/Q26302831
52.62138	1.30433	Remains Of St Peter Southgate Church	http://www.wikidata.org/entity/Q26303126
52.81085	-2.7415	Remains of Church of St Mary Approximately 215 Metres to North West of the Flags	http://www.wikidata.org/entity/Q26307061
52.50045	-1.07725	Church Ruins	http://www.wikidata.org/entity/Q26314753
52.57458	0.56239	Remains of Church of St Mary Magdalene	http://www.wikidata.org/entity/Q26343936
52.52995	0.64045	Remains of Church of St Mary	http://www.wikidata.org/entity/Q26343977
52.6113	0.58228	Remains of Church of All Saints	http://www.wikidata.org/entity/Q26344015
52.70924	0.79089	Remains of Church of St Paul	http://www.wikidata.org/entity/Q26344510
52.8607	0.63936	Remains of Church of St Andrew	http://www.wikidata.org/entity/Q26345643
52.64221	0.40487	Remains of Church of St Margaret	http://www.wikidata.org/entity/Q26345942
51.4854	0.0631	St George's Garrison Church	https://en.wikipedia.org/wiki/St_George%27s_Garrison_Church,_Woolwich
51.48536	0.06311	St George's Garrison Church	https://en.wikipedia.org/wiki/St_George%27s_Garrison_Church,_Woolwich
52.22308	-2.49528	Ruins of Old Church of St Mary	http://www.wikidata.org/entity/Q26359946
52.81279	-1.48009	Ruins of old parish church, west part	http://www.wikidata.org/entity/Q26388748
50.36585	-5.13412	Remains of old parish church (of St Piran)	http://www.wikidata.org/entity/Q26434328
54.07308	-0.75497	Old Ruined Church Of All Hallows And Cross	http://www.wikidata.org/entity/Q26442034
52.54564	1.30158	Remains of Church of St Botolph	http://www.wikidata.org/entity/Q26445355
52.54017	1.29908	Remains of Church of St Martin	http://www.wikidata.org/entity/Q26445390
52.60951	1.40737	Remains of Church of St Saviour	http://www.wikidata.org/entity/Q26462876
50.68029	-2.18856	Ruins of the Old Church of Saint Mary	http://www.wikidata.org/entity/Q26465186
52.90695	1.19049	Church of All Saints	http://www.wikidata.org/entity/Q26466717
52.80438	0.87195	Church of St Remigius	http://www.wikidata.org/entity/Q26466894
52.73098	-2.82256	Remains of Church of the Holy Trinity	http://www.wikidata.org/entity/Q26469256
52.81287	-1.47976	Ruins of old parish church, east part	http://www.wikidata.org/entity/Q26498890
52.94551	-1.10667	Ruins of Church of St John the Baptist	http://www.wikidata.org/entity/Q26546657
50.53473	-5.01375	Remains of Church of St Constantine	http://www.wikidata.org/entity/Q26577733
53.50387	-2.23453	St Luke's Church, Manchester	https://en.wikipedia.org/wiki/St_Luke%27s_Church,_Cheetham
52.62165	0.57389	Remains of Church of St John	http://www.wikidata.org/entity/Q26626548
51.07048	-2.91618	Remains of Church on Burrow Mump	http://www.wikidata.org/entity/Q26628318
52.4849	-7.24344	Sheepstown Church	https://en.wikipedia.org/wiki/Sheepstown_Church
41.28852	-1.61599	St. Michael's Church	http://www.wikidata.org/entity/Q27506915
49.29344	16.80703	Q27861487	http://www.wikidata.org/entity/Q27861487
55.70219	13.19144	Drotten church ruin	http://www.wikidata.org/entity/Q27925301
55.28398	8.969	Sanct Thøgers Kirke	http://www.wikidata.org/entity/Q27950272
44.05403	8.21309	San Vittore	http://www.wikidata.org/entity/Q28017628
49.84823	16.69853	Monastery church in Třebařov	http://www.wikidata.org/entity/Q28034776
50.98299	5.05892	Sint-Janskerk	http://www.wikidata.org/entity/Q28040319
53.09007	-8.17548	Portland Church	https://en.wikipedia.org/wiki/Portland_Church
52.40875	-7.99323	Toureen Peakaun	https://en.wikipedia.org/wiki/Toureen_Peakaun
53.61851	-6.66791	Cannistown Church	https://en.wikipedia.org/wiki/Cannistown_Church
52.72286	-7.42762	Ballylarkin Church	https://en.wikipedia.org/wiki/Ballylarkin_Church
52.3556	-7.4901	Ballynoran Church	https://en.wikipedia.org/wiki/Ballynoran_Church
49.73369	12.58927	Church of Saint Anne	http://www.wikidata.org/entity/Q28364181
56.25328	16.04393	Kristianopel 206:3	http://www.wikidata.org/entity/Q29209533
56.19699	15.65708	Lösen 2:2	http://www.wikidata.org/entity/Q29209625
56.02972	15.79728	Torhamn 27:1	http://www.wikidata.org/entity/Q29219558
56.09492	15.83285	Torhamn 53:1	http://www.wikidata.org/entity/Q29219759
60.56921	15.53993	Q29248523	http://www.wikidata.org/entity/Q29248523
60.29266	13.88065	Q29261334	http://www.wikidata.org/entity/Q29261334
57.36604	18.6885	Q29280037	http://www.wikidata.org/entity/Q29280037
57.94198	19.09041	Sankt Olofs kyrka, Gamle Hamn	http://www.wikidata.org/entity/Q29320877
57.58462	18.61197	Bara church ruin	http://www.wikidata.org/entity/Q29339253
57.441	18.15065	Q29348460	http://www.wikidata.org/entity/Q29348460
61.60857	16.32616	Undersviks kyrkoruin	http://www.wikidata.org/entity/Q29348984
57.3057	12.5694	Q29374009	http://www.wikidata.org/entity/Q29374009
57.11239	12.25326	Q29378407	http://www.wikidata.org/entity/Q29378407
63.36792	14.4852	Q29380544	http://www.wikidata.org/entity/Q29380544
63.32929	13.39612	Q29380798	http://www.wikidata.org/entity/Q29380798
63.09757	14.7479	Q29381172	http://www.wikidata.org/entity/Q29381172
63.12836	14.43069	Q29381540	http://www.wikidata.org/entity/Q29381540
57.09523	13.59816	Q29383603	http://www.wikidata.org/entity/Q29383603
56.66791	16.60133	Q29414396	http://www.wikidata.org/entity/Q29414396
58.08319	16.33696	Q29432316	http://www.wikidata.org/entity/Q29432316
58.01495	16.4753	Q29433861	http://www.wikidata.org/entity/Q29433861
56.9587	14.00584	Q29439296	http://www.wikidata.org/entity/Q29439296
56.69781	13.84723	Q29439398	http://www.wikidata.org/entity/Q29439398
56.82868	13.44811	Q29439559	http://www.wikidata.org/entity/Q29439559
57.00799	15.58544	Q29441485	http://www.wikidata.org/entity/Q29441485
57.02539	15.01806	Q29444086	http://www.wikidata.org/entity/Q29444086
55.99267	14.08518	S:ta Gertruds kapell	http://www.wikidata.org/entity/Q29473335
56.22917	13.16965	Q29478089	http://www.wikidata.org/entity/Q29478089
56.30587	14.02165	Q29478919	http://www.wikidata.org/entity/Q29478919
51.78507	-4.8056	Newton North Church	http://www.wikidata.org/entity/Q29485367
51.78509	-4.80561	Newton North Church	http://www.wikidata.org/entity/Q29485367
59.78254	18.30647	Q29511826	http://www.wikidata.org/entity/Q29511826
59.59265	16.50733	Q29533176	http://www.wikidata.org/entity/Q29533176
58.04719	12.652	Q29544104	http://www.wikidata.org/entity/Q29544104
59.05726	12.46466	Edsleskog old church	http://www.wikidata.org/entity/Q29546581
57.86207	13.15263	Fänneslunda old Church	http://www.wikidata.org/entity/Q29547075
48.99422	14.90401	Ruined church of the Birth of Virgin Mary	http://www.wikidata.org/entity/Q29570626
58.3867	13.43717	S:t Nicolai kyrkoruin, Skara	http://www.wikidata.org/entity/Q29583884
46.69655	7.88028	Church Ruin	http://www.wikidata.org/entity/Q29674639
59.55816	18.24176	Q29843299	http://www.wikidata.org/entity/Q29843299
59.24595	12.47856	Hedane kapell	http://www.wikidata.org/entity/Q29857269
49.7529	13.00695	Q47165433	http://www.wikidata.org/entity/Q47165433
49.65605	8.97663	Zur Not Gottes	http://www.wikidata.org/entity/Q47498371
51.38495	12.14289	St. Jacobus	http://www.wikidata.org/entity/Q47507431
41.19348	-1.78303	Church of the Monastery of Piedra	http://www.wikidata.org/entity/Q48187975
41.31092	-2.05603	Iglesia de San Pedro	http://www.wikidata.org/entity/Q48201702
45.83635	9.3891	Sanctuary of Saint Michael	http://www.wikidata.org/entity/Q48806023
52.6439	-8.4599	Clonkeen Church	https://en.wikipedia.org/wiki/Clonkeen_Church
57.28805	15.26722	Q49095411	http://www.wikidata.org/entity/Q49095411
58.0749	12.9811	Tarsleds kyrkoruin	http://www.wikidata.org/entity/Q49095415
50.84397	14.74115	castle and monastery ruins Oybin	http://www.wikidata.org/entity/Q49351155
50.84427	14.74235	Klosterkirche Oybin	http://www.wikidata.org/entity/Q49351159
46.63388	30.24222	Church of the Nativity of the Virgin Mary	http://www.wikidata.org/entity/Q49494717
50.60607	15.73551	Ruins of protestant church in Rudník	http://www.wikidata.org/entity/Q52554122
52.49635	-9.57794	Loughanes Church	http://www.wikidata.org/entity/Q55028409
52.74057	-9.08037	Clondagad Church	http://www.wikidata.org/entity/Q55045374
51.92418	-10.3067	Kilmore Church	http://www.wikidata.org/entity/Q55046574
53.99055	-8.5101	Gorteen Church	http://www.wikidata.org/entity/Q55047876
52.55172	-8.66503	Ballycahane Church	http://www.wikidata.org/entity/Q55050712
52.40254	-8.34473	Duntryleague Church	http://www.wikidata.org/entity/Q55050723
53.65023	-6.67636	Athlumney Church	http://www.wikidata.org/entity/Q55050973
53.05008	-6.23577	Derralossory Church	http://www.wikidata.org/entity/Q55051935
43.9305	7.65248	San Tommaso	http://www.wikidata.org/entity/Q55179607
50.06364	14.419	Basilica of Saint Lawrence	http://www.wikidata.org/entity/Q55281142
51.9722	12.0788	St. Marien (Zerbst/Anhalt)	http://www.wikidata.org/entity/Q55443264
41.30299	-0.74925	Church of San Agustín, Belchite	http://www.wikidata.org/entity/Q55499432
41.7751	0.04394	Church of San Pedro	http://www.wikidata.org/entity/Q55687289
62.46528	6.23891	Margaretakirken, Ålesund	http://www.wikidata.org/entity/Q56099116
39.59001	22.13059	Early Christian basilica, Ethniki odo Larisis - Trikalon	http://www.wikidata.org/entity/Q56237210
55.47422	13.47759	Q56285694	http://www.wikidata.org/entity/Q56285694
57.81188	18.61919	Elinghems ödekyrka	http://www.wikidata.org/entity/Q56299303
-2.40866	-44.41721	Parish Church of Saint Matthew	http://www.wikidata.org/entity/Q56640850
56.61445	-3.05657	Eassie Old Church and cross slab	https://en.wikipedia.org/wiki/Eassie_Old_Church
60.72363	-1.02663	St Olaf's Church	http://www.wikidata.org/entity/Q56666469
57.69079	-6.30441	St Moluag's Church,Kilmaluag Bay	http://www.wikidata.org/entity/Q56668702
54.7935	-4.98786	Kirkmadrine, site of Kirkmadrine Church	http://www.wikidata.org/entity/Q56668714
41.865	22.83888	Saint Athanasius Church, Nov Istevnik	http://www.wikidata.org/entity/Q56857571
48.07645	7.90034	St. Severinskapelle	http://www.wikidata.org/entity/Q57799480
50.50727	18.25852	Saint Florian chapel in Rożniątów	http://www.wikidata.org/entity/Q58015637
46.13116	11.12522	Saint Martin church	http://www.wikidata.org/entity/Q58623916
46.26354	11.36508	Exaltation of the Cross church	http://www.wikidata.org/entity/Q59626836
41.24003	20.59294	Dormition of the Theotokos Church	https://en.wikipedia.org/wiki/Dormition_of_the_Theotokos_Church,_Vev%C4%8Dani
41.11561	20.79336	Saint Nicholas Arbanashki Church	http://www.wikidata.org/entity/Q59944120
45.82736	14.88245	St Catherine of Alexandria Church	http://www.wikidata.org/entity/Q60353940
46.20695	14.33604	Q60358290	http://www.wikidata.org/entity/Q60358290
45.72456	14.27096	Q60358829	http://www.wikidata.org/entity/Q60358829
45.51538	13.57189	St. Bernardino Church	http://www.wikidata.org/entity/Q60362411
42.98194	2.11723	Chapelle Saint-Nicolas de Bourigeole-Tournebouix	http://www.wikidata.org/entity/Q60384672
46.91823	16.97544	Q61083020	http://www.wikidata.org/entity/Q61083020
51.27534	12.43032	Kirchenruine Wachau	http://www.wikidata.org/entity/Q61697012
50.48988	14.62274	Remains of the church in Houska	http://www.wikidata.org/entity/Q62104332
51.98856	14.29961	Stadtkirche Lieberose	http://www.wikidata.org/entity/Q65096369
50.48035	7.48275	Kreuzkirche (Melsbach)	http://www.wikidata.org/entity/Q65101820
44.19586	8.42428	Santa Giulia e Santa Margherita	http://www.wikidata.org/entity/Q65132243
43.27923	16.61903	Q65133259	http://www.wikidata.org/entity/Q65133259
43.50813	16.43897	Q65146030	http://www.wikidata.org/entity/Q65146030
52.49497	14.40631	Kirchenruine Dolgelin	http://www.wikidata.org/entity/Q65619845
59.94472	20.87833	archaeological site Kö 2.3	http://www.wikidata.org/entity/Q65971117
57.81202	18.61856	Q66124321	http://www.wikidata.org/entity/Q66124321
44.75656	14.75952	Sv. Ivana Evanđelista (Rab)	http://www.wikidata.org/entity/Q67520827
45.87193	15.3363	St. Michael's Church	http://www.wikidata.org/entity/Q68549497
42.98858	2.1378	Ruin of old cemetary church	http://www.wikidata.org/entity/Q68826906
52.6936	13.78236	Village church Beiersdorf (Märkisch-Oderland)	http://www.wikidata.org/entity/Q76468878
58.37005	15.45813	Q77968675	http://www.wikidata.org/entity/Q77968675
50.11724	14.77431	Romanesque church of Saint Martin in Vyšehořovice	http://www.wikidata.org/entity/Q79593100
49.42607	13.17821	Church of Saint Margaret	http://www.wikidata.org/entity/Q79785711
45.49713	8.49754	Sant’Antonio	http://www.wikidata.org/entity/Q80161879
45.4972	8.49757	Sant’Antonio	http://www.wikidata.org/entity/Q80161879
53.7456	-2.4864	Chapel Street Congregational Church	http://www.wikidata.org/entity/Q80427254
50.03646	12.77343	Church of Saint John the Baptist in Mnichov	http://www.wikidata.org/entity/Q84315342
46.71	20.64	Saint George's Chapel	http://www.wikidata.org/entity/Q84682536
52.33181	-8.97713	Killaliathan Church	https://en.wikipedia.org/wiki/Killaliathan_Church
52.2353	-6.83405	Tintern Church and Graveyard, Wexford	http://www.wikidata.org/entity/Q86665787
43.33469	2.3773	Vieille église de Lastours	http://www.wikidata.org/entity/Q89981935
46.29958	10.87826	Saint Brigid church	http://www.wikidata.org/entity/Q90899917
56.6837	12.86429	Sankt Örjans kapell, Halmstad	http://www.wikidata.org/entity/Q91020363
53.1585	-2.8789	Remains of former Church of St Mary	http://www.wikidata.org/entity/Q96096082
52.2896	-1.68793	Remains of Priory Church approximately 10 metres east of Pinley Abbey	http://www.wikidata.org/entity/Q96107739
38.71212	-9.14038	Igreja do Carmo (ruínas)	http://www.wikidata.org/entity/Q96576011
41.78333	13.15	Q96602961	http://www.wikidata.org/entity/Q96602961
49.91066	9.88078	Q98494338	http://www.wikidata.org/entity/Q98494338
50.14066	11.25084	Kirchenruine Vogtei 5 in Burgkunstadt	http://www.wikidata.org/entity/Q98587645
49.45757	11.06847	Kirchenruine	http://www.wikidata.org/entity/Q98606975
49.45178	11.08192	Kirchenruine Am Katharinenkloster 5 in Nürnberg	http://www.wikidata.org/entity/Q98630118
44.10472	3.885	Tour de l'Horloge	http://www.wikidata.org/entity/Q98637463
48.36122	10.90078	Kirchenruine Kappelberg 1 in Augsburg	http://www.wikidata.org/entity/Q98720148
47.95181	11.90508	Kirchenruine Alpenstraße 31 in Baiern (Landkreis Ebersberg)	http://www.wikidata.org/entity/Q98742632
36.88448	-3.02718	church ruin in Turón	http://www.wikidata.org/entity/Q98960512
37.03679	25.4547	Kaloritsa monastery, Naxos	http://www.wikidata.org/entity/Q99308102
44.39561	11.46285	chiesa di Santa Maria Assunta di Settefonti	http://www.wikidata.org/entity/Q99520932
51.57683	3.61727	Excavations of Bedevaartskapel (Vrouwenpolder)	http://www.wikidata.org/entity/Q100324333
34.75969	32.412	Cathedral of the Latins, Paphos	http://www.wikidata.org/entity/Q100415410
34.82361	32.40047	Church ruin of Agia Zinaida and Agia Filonili, Kissonerga	http://www.wikidata.org/entity/Q100828346
43.82898	16.30157	Crkva Preobraženja Gospodinova	http://www.wikidata.org/entity/Q101515836
45.89419	10.82991	Saint John the Baptist church	http://www.wikidata.org/entity/Q101570512
51.779	13.68975	Kirchenruine Bornsdorf	http://www.wikidata.org/entity/Q101850952
52.87651	12.56987	Kirchenruine Ganzer	http://www.wikidata.org/entity/Q101850960
45.78219	11.07607	Saint Mark chapel	http://www.wikidata.org/entity/Q102068480
45.75983	11.03358	Saint Joseph chapel	http://www.wikidata.org/entity/Q102110348
59.6253	12.26771	Q102852197	http://www.wikidata.org/entity/Q102852197
44.73557	15.7206	Church of the Holy Archangels Michael and Gabriel	http://www.wikidata.org/entity/Q103423385
45.89393	10.8315	Q104370053	http://www.wikidata.org/entity/Q104370053
50.47366	7.57706	Wallfahrtskapelle Hausenborn	http://www.wikidata.org/entity/Q104529356
32.90149	21.96658	West Church, Apollonia	http://www.wikidata.org/entity/Q104660717
53.98948	11.89035	Kirchenruine Satow	http://www.wikidata.org/entity/Q105194567
59.51277	16.34277	Q105496039	http://www.wikidata.org/entity/Q105496039
59.50805	16.3975	Lilla Rytterne kyrka	http://www.wikidata.org/entity/Q105496063
58.305	13.62368	Q105522479	http://www.wikidata.org/entity/Q105522479
51.1447	-2.69873	St Michael's Tower	http://www.wikidata.org/entity/Q105674688
45.99326	10.87787	Saint Martin church	http://www.wikidata.org/entity/Q105888068
44.18548	10.90452	Chiesa di San Lorenzo	http://www.wikidata.org/entity/Q106073417
44.30966	11.19782	Chiesa di San Martino di Caprara	http://www.wikidata.org/entity/Q106073447
44.31104	11.21791	Ruderi chiesa di Casaglia	http://www.wikidata.org/entity/Q106081901
44.38074	11.41369	Ruderi della chiesa di Poggio Scanno	http://www.wikidata.org/entity/Q106082868
45.10555	14.66694	Q106095141	http://www.wikidata.org/entity/Q106095141
45.92673	10.63952	Saint Martin church	http://www.wikidata.org/entity/Q106129037
45.40222	16.27388	Q106265671	http://www.wikidata.org/entity/Q106265671
51.89875	11.05362	Franzosenkirche	http://www.wikidata.org/entity/Q106859169
45.85535	10.9398	Saint Anthony church	http://www.wikidata.org/entity/Q106963430
45.85441	10.95233	Saint Roch chapel	http://www.wikidata.org/entity/Q106963461
46.65244	10.65492	chapel at Unterfrining	http://www.wikidata.org/entity/Q107067642
46.55832	11.18125	Saint Anthony the Great church	http://www.wikidata.org/entity/Q107068000
46.33757	11.28964	Saint Barbara church	http://www.wikidata.org/entity/Q107068012
46.44064	11.24836	Saint George church	http://www.wikidata.org/entity/Q107068035
46.67602	10.55454	Saint Lawrence church	http://www.wikidata.org/entity/Q107068100
46.64604	10.97938	Saint Lawrence church	http://www.wikidata.org/entity/Q107068113
46.53872	11.25734	Saint Peter church	http://www.wikidata.org/entity/Q107068191
46.66061	11.93191	old Saint Genesius church	http://www.wikidata.org/entity/Q107068279
52.28606	14.55125	Dorfkirche Lossow	http://www.wikidata.org/entity/Q107637313
51.1017	10.02546	Wüstungskirche beim Hof Harmuthshausen	http://www.wikidata.org/entity/Q108410674
49.16052	7.12045	Ruine der Klosterkirche	http://www.wikidata.org/entity/Q108457434
37.31841	-8.80408	Q108552197	http://www.wikidata.org/entity/Q108552197
36.09173	28.0884	Church of Ayios Ioannis (Lindos)	http://www.wikidata.org/entity/Q109325096
36.40177	22.48686	Agioi Asomatoi (Anatoliki Mani)	http://www.wikidata.org/entity/Q109350383
45.45942	11.05045	San Venerio	http://www.wikidata.org/entity/Q109972340
43.85138	13.00777	Q110040216	http://www.wikidata.org/entity/Q110040216
45.86514	10.91722	Saint Andrew church	http://www.wikidata.org/entity/Q110223766
37.63854	22.7155	Church of Theotokos in Argos castle	http://www.wikidata.org/entity/Q110284206
53.1622	13.81338	Church ruin Flieth	http://www.wikidata.org/entity/Q110290251
31.31633	35.35325	Masada Byzantine Church	http://www.wikidata.org/entity/Q110300280
50.02148	17.9725	Ruined evangelical church Rozumice	http://www.wikidata.org/entity/Q110465759
40.41526	-3.71301	Restos arqueológicos iglesia Almudena	http://www.wikidata.org/entity/Q110748018
40.40963	-3.70355	Restos Convento Santa Catalina de Sena	http://www.wikidata.org/entity/Q110748019
40.41683	-3.71167	Restos iglesia San Juan Bautista	http://www.wikidata.org/entity/Q110748026
40.42053	-3.68038	Ruinas de la ermita de san Pelayo y san Isidoro	http://www.wikidata.org/entity/Q110748054
48.62095	22.30694	Ruins of Saint George Church	http://www.wikidata.org/entity/Q111281800
40.64468	14.60266	Sant'Eustachio	http://www.wikidata.org/entity/Q111550621
51.26528	12.35	Q111820411	http://www.wikidata.org/entity/Q111820411
48.07663	19.20541	Medieval church ruins in Veľká Čalomija	http://www.wikidata.org/entity/Q112092862
48.07714	18.37005	Máriačalád	http://www.wikidata.org/entity/Q112096676
48.07726	18.36953	Máriačalád	http://www.wikidata.org/entity/Q112096676
43.16769	16.63405	Ruins of the church of St. Vitus	http://www.wikidata.org/entity/Q112109421
58.29571	13.49086	Q112174380	http://www.wikidata.org/entity/Q112174380
44.13672	8.21842	San Paolo	http://www.wikidata.org/entity/Q113342243
45.5872	10.83073	Saint Zeno church	http://www.wikidata.org/entity/Q113621183
51.58349	10.61956	Klosterkirche	http://www.wikidata.org/entity/Q113649560
44.18248	8.301	San Bartolomeo	http://www.wikidata.org/entity/Q113686838
45.62227	10.90705	Saint Martialis church	http://www.wikidata.org/entity/Q113959572
50.65228	14.0546	Evangelický Kristův kostel	http://www.wikidata.org/entity/Q114050972
41.76653	-2.13664	church of San Esteban, Masegoso	http://www.wikidata.org/entity/Q114308367
42.03297	-2.23483	church of San Miguel, San Pedro Manrique	http://www.wikidata.org/entity/Q114369457
38.60527	34.84611	Dark Church	http://www.wikidata.org/entity/Q114383869
51.73779	-4.87815	St Mary's Church	http://www.wikidata.org/entity/Q114566763
52.89437	-4.42048	St Beuno's Church	http://www.wikidata.org/entity/Q114567386
53.26325	-4.45923	Holy Rood Church	http://www.wikidata.org/entity/Q114568271
51.62985	-2.89574	All Saint's Church	http://www.wikidata.org/entity/Q114610565
54.07625	-8.50736	Emlaghfad Church ruins	http://www.wikidata.org/entity/Q114649618
52.00138	-4.59594	St Cristiolus' Church	http://www.wikidata.org/entity/Q114734940
51.79039	-4.45283	St Teilo's Church	http://www.wikidata.org/entity/Q114773963
51.57936	-4.21108	Church of St Mary	http://www.wikidata.org/entity/Q114773977
39.84564	-8.44806	Igreja Paroquial de Almoster	http://www.wikidata.org/entity/Q115104741
42.78465	-3.7273	Church of San Miguel, Cortiguera	http://www.wikidata.org/entity/Q115115625
46.10996	11.32637	San Lorenzo	http://www.wikidata.org/entity/Q115205723
38.24759	26.085	Church of Panagias Kyra-Velidainas, Nenita	http://www.wikidata.org/entity/Q115658655
62.98863	17.87584	Nässoms church ruin	http://www.wikidata.org/entity/Q115776163
46.18512	-1.32483	Temple de Église réformée de France (La Flotte)	http://www.wikidata.org/entity/Q115786326
45.58058	10.75095	San Zeno in Bordione church	http://www.wikidata.org/entity/Q115902436
45.62532	10.79493	Saint Michael church	http://www.wikidata.org/entity/Q115902484
55.88423	13.31872	Bosarps Gamla Kyrka	http://www.wikidata.org/entity/Q115912507
43.65145	-79.39357	St. George by the Grange Anglican Church	https://en.wikipedia.org/wiki/St._George_by_the_Grange_Anglican_Church
37.9726	23.72573	Church of Saint Nikolaos or Seraphim	http://www.wikidata.org/entity/Q116105874
52.65266	-7.18861	Saint Martin's Church	http://www.wikidata.org/entity/Q116166635
52.01186	-0.57177	All Saints Church, Segenhoe	https://en.wikipedia.org/wiki/All_Saints_Church,_Segenhoe
53.27921	13.70262	Wüste Kirche Kröchlendorff	http://www.wikidata.org/entity/Q116270025
53.38341	13.7018	Wüste Kirche Rittgarten	http://www.wikidata.org/entity/Q116270026
37.57453	21.78034	Church of St Nicolas (Isova Monastery)	http://www.wikidata.org/entity/Q116294450
52.59191	-6.49052	Ferns Church	http://www.wikidata.org/entity/Q116503105
52.96031	-7.20317	Timahoe Church	http://www.wikidata.org/entity/Q116505297
53.27918	-7.61007	St Carthach's Church	http://www.wikidata.org/entity/Q116532817
53.27783	-6.56547	Oughter Ard Church	http://www.wikidata.org/entity/Q116540091
53.53628	-6.61757	Church of St Nicholas	http://www.wikidata.org/entity/Q116542431
53.32636	-7.98602	Clonmacnoise Cathedral	http://www.wikidata.org/entity/Q116603426
53.32621	-7.98583	Templeree	http://www.wikidata.org/entity/Q116618906
53.32646	-7.98562	Temple Ciarán	http://www.wikidata.org/entity/Q116618961
53.32703	-7.98579	Temple Finian	http://www.wikidata.org/entity/Q116618998
54.66472	-8.79078	Templecavan	http://www.wikidata.org/entity/Q116689201
53.49836	-9.11487	Kinlough Church	http://www.wikidata.org/entity/Q116689361
54.01801	-7.83506	St Caillín's Church, Fenagh	http://www.wikidata.org/entity/Q116689647
54.01888	-7.83327	Fenagh Church	http://www.wikidata.org/entity/Q116689667
53.42621	-8.6832	Abbert Demesne Church	http://www.wikidata.org/entity/Q116695787
50.7942	9.06543	Folkertshain church stump	http://www.wikidata.org/entity/Q116749627
58.2511	12.3374	Gärdhems kyrkoruin	http://www.wikidata.org/entity/Q10512361
58.3854	12.5358	Hallby kyrkoruin	http://www.wikidata.org/entity/Q10516363
59.76196	17.41715	Balingsta nya kyrka	http://www.wikidata.org/entity/Q29869222
59.51287	16.34292	Stora Rytterne kyrka	http://www.wikidata.org/entity/Q29880255
52.64692	-7.21403	Kilmalog Church	http://www.wikidata.org/entity/Q116789986
52.39714	-7.52332	Kilcash Church	http://www.wikidata.org/entity/Q116817925
52.79154	-7.59954	Garrylaun Church	http://www.wikidata.org/entity/Q116855285
55.7231	37.43409	Foundations of the wooden church of St. Serafim Sarovsky	http://www.wikidata.org/entity/Q116947424
41.62741	-5.36714	Church of Saint Stephen, Pinilla de Toro	http://www.wikidata.org/entity/Q117087173
56.40946	15.54256	Q117205743	http://www.wikidata.org/entity/Q117205743
47.22016	30.80415	Sts. Peter and Paul church	http://www.wikidata.org/entity/Q117428864
46.83025	30.57918	St. Severin Church	http://www.wikidata.org/entity/Q117450083
46.234	11.03146	Saint Bartholomew church	http://www.wikidata.org/entity/Q117744461
42.11401	-3.52834	Church of Santa Eulalia, Mazariegos	http://www.wikidata.org/entity/Q117745942
46.23956	11.06109	Saint Margaret church	http://www.wikidata.org/entity/Q117748816
46.48629	11.32623	St. Maria in der Au old church	http://www.wikidata.org/entity/Q117832583
47.38393	7.67666	medieval church ruins with ossuary and cemetery	http://www.wikidata.org/entity/Q117886182
43.99959	8.14635	San Bernardo	http://www.wikidata.org/entity/Q118465641
40.25049	16.47566	Q118695947	http://www.wikidata.org/entity/Q118695947
43.90269	7.71479	San Nicolò old church	http://www.wikidata.org/entity/Q120754574
44.27144	11.52288	Madonna del Rio	http://www.wikidata.org/entity/Q122027334
38.37148	26.13349	Church of Agios Vasileios Petrokokkinon	http://www.wikidata.org/entity/Q122530987
52.76907	-7.27271	Kilmacar Church	http://www.wikidata.org/entity/Q122969063
52.77931	-7.32772	Donaghmore Church	http://www.wikidata.org/entity/Q122969455
41.53672	20.52844	Ascention of Jesus Church, Pijanec	http://www.wikidata.org/entity/Q122975323
44.10545	9.76756	San Martino Vecchio church	http://www.wikidata.org/entity/Q122982221
52.65544	-7.14604	Churchclara Church	http://www.wikidata.org/entity/Q123024121
50.93854	13.667	Barbarakapelle, Karsdorf	http://www.wikidata.org/entity/Q123135385
50.93846	13.66723	Barbarakapelle, Karsdorf	http://www.wikidata.org/entity/Q123135385
41.15586	42.97824	Veli Castle Church	http://www.wikidata.org/entity/Q123344756
47.0697	31.19135	Saints Peter and Paul church in Ryasnopil	http://www.wikidata.org/entity/Q123413077
52.37567	-7.9224	St Mary's Medieval Parish Church	http://www.wikidata.org/entity/Q123439908
49.39352	7.75883	Q123458771	http://www.wikidata.org/entity/Q123458771
47.73229	15.98292	St. Pankraz unter Sieding	http://www.wikidata.org/entity/Q123479565
35.5137	27.2009	Church of St Photini	http://www.wikidata.org/entity/Q123517467
51.65147	-3.06537	Llandderfel Chapel	http://www.wikidata.org/entity/Q123520044
51.87154	-5.17976	St. Elvis	http://www.wikidata.org/entity/Q123520051
51.92397	-3.49747	Church Of St Illtyd	http://www.wikidata.org/entity/Q123520062
46.49781	11.23165	Saint Vigilius church	http://www.wikidata.org/entity/Q123614484
44.19607	10.32457	San Giovanni Battista	http://www.wikidata.org/entity/Q124100270
34.79492	32.52587	Church ruin of Agios Ilarionas, Episkopi (Paphos)	http://www.wikidata.org/entity/Q124292818
41.13148	24.94601	Early Christian Basilica of Kimmeria	http://www.wikidata.org/entity/Q124350018
41.13615	25.21852	Early Christian Basilica of Polyanthos	http://www.wikidata.org/entity/Q124350086
41.17046	25.27768	Byzantine church A of Kerasia	http://www.wikidata.org/entity/Q124350111
41.16451	25.27132	Byzantine church B of Kerasia	http://www.wikidata.org/entity/Q124350125
46.06347	10.99543	Saint Martin church	http://www.wikidata.org/entity/Q124823026
46.62791	10.82972	Saint Anthony church	http://www.wikidata.org/entity/Q124833024
46.6356	10.76228	Saint George church	http://www.wikidata.org/entity/Q125097156
46.00635	11.40807	Sancta Maria ad Nives chapel	http://www.wikidata.org/entity/Q125358871
52.35743	-7.75254	Saint Patrick's church ruin, Patrickswell	http://www.wikidata.org/entity/Q125668793
54.55113	19.96863	Q125966497	http://www.wikidata.org/entity/Q125966497
52.53436	-6.95503	Saint Michael's Church	http://www.wikidata.org/entity/Q126203942
46.79694	14.34932	Castle chapel Kraig	http://www.wikidata.org/entity/Q126366689
52.75469	-7.34698	St. Catherine's Church and towerhouse	http://www.wikidata.org/entity/Q126899367
52.44124	-7.22483	Kilkeasy Church ruin	http://www.wikidata.org/entity/Q126948877
53.24816	-9.57857	Templeinishmackauv Church	http://www.wikidata.org/entity/Q127421223
46.34078	11.05879	Saint Justina hermitage	http://www.wikidata.org/entity/Q128215160
50.12761	-5.70587	St Helen's Oratory, Cape Cornwall	http://www.wikidata.org/entity/Q128634241
53.16832	-6.13626	Kilmacanogue Old Church	http://www.wikidata.org/entity/Q128795922
52.81945	-7.33537	Saint Finan's Church	http://www.wikidata.org/entity/Q128804380
51.68416	9.69926	Q128904060	http://www.wikidata.org/entity/Q128904060
35.12383	33.94369	Category:Agios Simeon, Famagusta	http://www.wikidata.org/entity/Q129676882
35.12318	33.94442	Category:Agios Nikolaos, Famagusta	http://www.wikidata.org/entity/Q129676888
52.61935	-7.19621	Sheastown Church	http://www.wikidata.org/entity/Q129774440
52.61964	-7.29662	St. David's Church	http://www.wikidata.org/entity/Q129992863
52.51255	-7.16388	Saint Nicholas' Church	http://www.wikidata.org/entity/Q130220193
52.57554	-7.29729	Burnchurch Church	http://www.wikidata.org/entity/Q130237971
37.01837	25.42805	Church of John the Baptist, Baouzi, Gyroulas Naxos	http://www.wikidata.org/entity/Q130284655
37.02455	25.43709	Church of Agios Thomas, Gyroulas, Naxos	http://www.wikidata.org/entity/Q130284827
52.60727	-7.01338	Powerstown Church ruin	http://www.wikidata.org/entity/Q130304438
52.61534	-7.03628	Grange Upper Church	http://www.wikidata.org/entity/Q130320460
62.44741	17.4054	Alnö 54:1	http://www.wikidata.org/entity/Q130340135
52.54543	-7.31751	Newtown Church ruin	http://www.wikidata.org/entity/Q130374021
52.73545	-7.25012	Mohil Church ruin	http://www.wikidata.org/entity/Q130375434
52.4888	-6.92729	St. James's Chapel	http://www.wikidata.org/entity/Q130397679
52.71314	-7.47847	Tubbrid Upper Church	http://www.wikidata.org/entity/Q130404935
53.74088	-6.95409	Castlekeeran Church ruin	http://www.wikidata.org/entity/Q130549406
45.50045	13.77893	Chuch of st. John and Paul, Babiči	http://www.wikidata.org/entity/Q130553194
45.83257	14.24968	Q130564897	http://www.wikidata.org/entity/Q130564897
45.98274	13.6431	Q130564953	http://www.wikidata.org/entity/Q130564953
54.2228	-4.69616	St Peter's Church in Peel, Isle of Man	http://www.wikidata.org/entity/Q130915311
52.48324	-7.21536	Knocktopher Church	http://www.wikidata.org/entity/Q131145399
52.57931	-7.12988	Tullaherin Church	http://www.wikidata.org/entity/Q131145519
48.87472	15.47916	Georgi Church	http://www.wikidata.org/entity/Q131323198
52.38765	-7.34269	Owning Church ruin	http://www.wikidata.org/entity/Q131342984
48.94172	15.46708	Albrechtskirche	http://www.wikidata.org/entity/Q131363914
43.93038	7.67142	Santa Maria di Lago Pigo	http://www.wikidata.org/entity/Q131390047
42.418	13.62533	Sant'Egidio a Campo Imperatore	http://www.wikidata.org/entity/Q131430345
52.46853	-7.3978	Rossaneny Graveyard and Church ruin	http://www.wikidata.org/entity/Q131471262
52.7185	-7.37499	Clashacrow Church	http://www.wikidata.org/entity/Q131522501
52.4749	-7.19022	Derrynahinch Church ruin	http://www.wikidata.org/entity/Q131575144
52.96257	-7.073	Kilmackeady Church	http://www.wikidata.org/entity/Q131617351
45.30893	11.38262	Saint Peter church	http://www.wikidata.org/entity/Q131678074